1,dockervol/aligned/s9/5.png
1,dockervol/aligned/s9/8.png
1,dockervol/aligned/s9/1.png
1,dockervol/aligned/s9/7.png
1,dockervol/aligned/s9/4.png
1,dockervol/aligned/s9/9.png
1,dockervol/aligned/s9/3.png
1,dockervol/aligned/s9/6.png
1,dockervol/aligned/s9/10.png
1,dockervol/aligned/s9/2.png
2,dockervol/aligned/s32/1.png
2,dockervol/aligned/s32/8.png
2,dockervol/aligned/s32/2.png
2,dockervol/aligned/s32/9.png
2,dockervol/aligned/s32/7.png
2,dockervol/aligned/s32/6.png
2,dockervol/aligned/s32/10.png
2,dockervol/aligned/s32/5.png
2,dockervol/aligned/s32/4.png
2,dockervol/aligned/s32/3.png
3,dockervol/aligned/s22/4.png
3,dockervol/aligned/s22/8.png
3,dockervol/aligned/s22/3.png
3,dockervol/aligned/s22/2.png
3,dockervol/aligned/s22/7.png
3,dockervol/aligned/s22/10.png
3,dockervol/aligned/s22/9.png
3,dockervol/aligned/s22/1.png
3,dockervol/aligned/s22/5.png
3,dockervol/aligned/s22/6.png
4,dockervol/aligned/s20/6.png
4,dockervol/aligned/s20/1.png
4,dockervol/aligned/s20/7.png
4,dockervol/aligned/s20/10.png
4,dockervol/aligned/s20/4.png
4,dockervol/aligned/s20/3.png
4,dockervol/aligned/s20/8.png
4,dockervol/aligned/s20/2.png
4,dockervol/aligned/s20/5.png
4,dockervol/aligned/s20/9.png
5,dockervol/aligned/s8/9.png
5,dockervol/aligned/s8/6.png
5,dockervol/aligned/s8/8.png
5,dockervol/aligned/s8/4.png
5,dockervol/aligned/s8/1.png
5,dockervol/aligned/s8/10.png
5,dockervol/aligned/s8/5.png
5,dockervol/aligned/s8/3.png
5,dockervol/aligned/s8/7.png
5,dockervol/aligned/s8/2.png
6,dockervol/aligned/s28/1.png
6,dockervol/aligned/s28/10.png
6,dockervol/aligned/s28/6.png
6,dockervol/aligned/s28/4.png
6,dockervol/aligned/s28/3.png
6,dockervol/aligned/s28/8.png
6,dockervol/aligned/s28/2.png
6,dockervol/aligned/s28/5.png
6,dockervol/aligned/s28/7.png
6,dockervol/aligned/s28/9.png
7,dockervol/aligned/s11/5.png
7,dockervol/aligned/s11/9.png
7,dockervol/aligned/s11/1.png
7,dockervol/aligned/s11/6.png
7,dockervol/aligned/s11/7.png
7,dockervol/aligned/s11/8.png
7,dockervol/aligned/s11/3.png
7,dockervol/aligned/s11/2.png
7,dockervol/aligned/s11/4.png
7,dockervol/aligned/s11/10.png
8,dockervol/aligned/s24/9.png
8,dockervol/aligned/s24/1.png
8,dockervol/aligned/s24/3.png
8,dockervol/aligned/s24/10.png
8,dockervol/aligned/s24/8.png
8,dockervol/aligned/s24/4.png
8,dockervol/aligned/s24/2.png
8,dockervol/aligned/s24/7.png
8,dockervol/aligned/s24/5.png
8,dockervol/aligned/s24/6.png
9,dockervol/aligned/s6/6.png
9,dockervol/aligned/s6/3.png
9,dockervol/aligned/s6/8.png
9,dockervol/aligned/s6/5.png
9,dockervol/aligned/s6/10.png
9,dockervol/aligned/s6/2.png
9,dockervol/aligned/s6/7.png
9,dockervol/aligned/s6/9.png
9,dockervol/aligned/s6/4.png
9,dockervol/aligned/s6/1.png
10,dockervol/aligned/s30/3.png
10,dockervol/aligned/s30/8.png
10,dockervol/aligned/s30/10.png
10,dockervol/aligned/s30/1.png
10,dockervol/aligned/s30/5.png
10,dockervol/aligned/s30/2.png
10,dockervol/aligned/s30/6.png
10,dockervol/aligned/s30/7.png
10,dockervol/aligned/s30/4.png
10,dockervol/aligned/s30/9.png
11,dockervol/aligned/s12/6.png
11,dockervol/aligned/s12/3.png
11,dockervol/aligned/s12/10.png
11,dockervol/aligned/s12/5.png
11,dockervol/aligned/s12/4.png
11,dockervol/aligned/s12/1.png
11,dockervol/aligned/s12/2.png
11,dockervol/aligned/s12/8.png
11,dockervol/aligned/s12/7.png
11,dockervol/aligned/s12/9.png
12,dockervol/aligned/s10/4.png
12,dockervol/aligned/s10/5.png
12,dockervol/aligned/s10/7.png
12,dockervol/aligned/s10/10.png
12,dockervol/aligned/s10/3.png
12,dockervol/aligned/s10/9.png
12,dockervol/aligned/s10/6.png
12,dockervol/aligned/s10/2.png
12,dockervol/aligned/s10/8.png
12,dockervol/aligned/s10/1.png
13,dockervol/aligned/s18/7.png
13,dockervol/aligned/s18/6.png
13,dockervol/aligned/s18/2.png
13,dockervol/aligned/s18/4.png
13,dockervol/aligned/s18/3.png
13,dockervol/aligned/s18/9.png
13,dockervol/aligned/s18/5.png
13,dockervol/aligned/s18/8.png
13,dockervol/aligned/s18/10.png
13,dockervol/aligned/s18/1.png
14,dockervol/aligned/s21/7.png
14,dockervol/aligned/s21/5.png
14,dockervol/aligned/s21/3.png
14,dockervol/aligned/s21/8.png
14,dockervol/aligned/s21/9.png
14,dockervol/aligned/s21/2.png
14,dockervol/aligned/s21/4.png
14,dockervol/aligned/s21/10.png
14,dockervol/aligned/s21/6.png
14,dockervol/aligned/s21/1.png
15,dockervol/aligned/s29/7.png
15,dockervol/aligned/s29/8.png
15,dockervol/aligned/s29/10.png
15,dockervol/aligned/s29/6.png
15,dockervol/aligned/s29/9.png
15,dockervol/aligned/s29/5.png
15,dockervol/aligned/s29/1.png
15,dockervol/aligned/s29/2.png
15,dockervol/aligned/s29/4.png
15,dockervol/aligned/s29/3.png
16,dockervol/aligned/s17/5.png
16,dockervol/aligned/s17/3.png
16,dockervol/aligned/s17/1.png
16,dockervol/aligned/s17/4.png
16,dockervol/aligned/s17/7.png
16,dockervol/aligned/s17/10.png
16,dockervol/aligned/s17/8.png
16,dockervol/aligned/s17/9.png
16,dockervol/aligned/s17/6.png
16,dockervol/aligned/s17/2.png
17,dockervol/aligned/s34/8.png
17,dockervol/aligned/s34/6.png
17,dockervol/aligned/s34/7.png
17,dockervol/aligned/s34/9.png
17,dockervol/aligned/s34/2.png
17,dockervol/aligned/s34/1.png
17,dockervol/aligned/s34/5.png
17,dockervol/aligned/s34/4.png
17,dockervol/aligned/s34/3.png
18,dockervol/aligned/s36/10.png
18,dockervol/aligned/s36/1.png
18,dockervol/aligned/s36/2.png
18,dockervol/aligned/s36/6.png
18,dockervol/aligned/s36/4.png
18,dockervol/aligned/s36/3.png
18,dockervol/aligned/s36/9.png
18,dockervol/aligned/s36/8.png
18,dockervol/aligned/s36/5.png
18,dockervol/aligned/s36/7.png
19,dockervol/aligned/s7/4.png
19,dockervol/aligned/s7/1.png
19,dockervol/aligned/s7/8.png
19,dockervol/aligned/s7/9.png
19,dockervol/aligned/s7/6.png
19,dockervol/aligned/s7/10.png
19,dockervol/aligned/s7/2.png
19,dockervol/aligned/s7/3.png
19,dockervol/aligned/s7/5.png
19,dockervol/aligned/s7/7.png
20,dockervol/aligned/s25/7.png
20,dockervol/aligned/s25/2.png
20,dockervol/aligned/s25/1.png
20,dockervol/aligned/s25/6.png
20,dockervol/aligned/s25/10.png
20,dockervol/aligned/s25/8.png
20,dockervol/aligned/s25/9.png
20,dockervol/aligned/s25/3.png
20,dockervol/aligned/s25/5.png
20,dockervol/aligned/s25/4.png
21,dockervol/aligned/s35/3.png
21,dockervol/aligned/s35/9.png
21,dockervol/aligned/s35/6.png
21,dockervol/aligned/s35/1.png
21,dockervol/aligned/s35/7.png
21,dockervol/aligned/s35/8.png
21,dockervol/aligned/s35/10.png
21,dockervol/aligned/s35/5.png
22,dockervol/aligned/s39/7.png
22,dockervol/aligned/s39/1.png
22,dockervol/aligned/s39/5.png
22,dockervol/aligned/s39/2.png
22,dockervol/aligned/s39/4.png
22,dockervol/aligned/s39/8.png
22,dockervol/aligned/s39/6.png
22,dockervol/aligned/s39/10.png
22,dockervol/aligned/s39/3.png
22,dockervol/aligned/s39/9.png
23,dockervol/aligned/s23/7.png
23,dockervol/aligned/s23/6.png
23,dockervol/aligned/s23/1.png
23,dockervol/aligned/s23/8.png
23,dockervol/aligned/s23/3.png
23,dockervol/aligned/s23/9.png
23,dockervol/aligned/s23/2.png
23,dockervol/aligned/s23/10.png
23,dockervol/aligned/s23/4.png
23,dockervol/aligned/s23/5.png
24,dockervol/aligned/s2/9.png
24,dockervol/aligned/s2/6.png
24,dockervol/aligned/s2/7.png
24,dockervol/aligned/s2/2.png
24,dockervol/aligned/s2/5.png
24,dockervol/aligned/s2/8.png
24,dockervol/aligned/s2/1.png
24,dockervol/aligned/s2/10.png
24,dockervol/aligned/s2/3.png
24,dockervol/aligned/s2/4.png
25,dockervol/aligned/s16/9.png
25,dockervol/aligned/s16/10.png
25,dockervol/aligned/s16/7.png
25,dockervol/aligned/s16/2.png
25,dockervol/aligned/s16/3.png
25,dockervol/aligned/s16/4.png
25,dockervol/aligned/s16/6.png
25,dockervol/aligned/s16/8.png
25,dockervol/aligned/s16/1.png
25,dockervol/aligned/s16/5.png
26,dockervol/aligned/s37/9.png
26,dockervol/aligned/s37/3.png
26,dockervol/aligned/s37/1.png
26,dockervol/aligned/s37/7.png
26,dockervol/aligned/s37/10.png
26,dockervol/aligned/s37/6.png
26,dockervol/aligned/s37/8.png
27,dockervol/aligned/s31/9.png
27,dockervol/aligned/s31/10.png
27,dockervol/aligned/s31/1.png
27,dockervol/aligned/s31/3.png
27,dockervol/aligned/s31/6.png
27,dockervol/aligned/s31/2.png
27,dockervol/aligned/s31/5.png
27,dockervol/aligned/s31/4.png
27,dockervol/aligned/s31/7.png
27,dockervol/aligned/s31/8.png
28,dockervol/aligned/s13/9.png
28,dockervol/aligned/s13/3.png
28,dockervol/aligned/s13/10.png
28,dockervol/aligned/s13/4.png
28,dockervol/aligned/s13/7.png
28,dockervol/aligned/s13/8.png
28,dockervol/aligned/s13/2.png
28,dockervol/aligned/s13/6.png
28,dockervol/aligned/s13/1.png
28,dockervol/aligned/s13/5.png
29,dockervol/aligned/s4/3.png
29,dockervol/aligned/s4/5.png
29,dockervol/aligned/s4/7.png
29,dockervol/aligned/s4/2.png
29,dockervol/aligned/s4/1.png
29,dockervol/aligned/s4/10.png
29,dockervol/aligned/s4/4.png
29,dockervol/aligned/s4/8.png
29,dockervol/aligned/s4/9.png
29,dockervol/aligned/s4/6.png
30,dockervol/aligned/s40/6.png
30,dockervol/aligned/s40/10.png
30,dockervol/aligned/s40/4.png
30,dockervol/aligned/s40/1.png
30,dockervol/aligned/s40/8.png
30,dockervol/aligned/s40/3.png
30,dockervol/aligned/s40/9.png
30,dockervol/aligned/s40/2.png
30,dockervol/aligned/s40/7.png
30,dockervol/aligned/s40/5.png
31,dockervol/aligned/s1/8.png
31,dockervol/aligned/s1/9.png
31,dockervol/aligned/s1/5.png
31,dockervol/aligned/s1/4.png
31,dockervol/aligned/s1/7.png
31,dockervol/aligned/s1/3.png
31,dockervol/aligned/s1/1.png
31,dockervol/aligned/s1/6.png
31,dockervol/aligned/s1/10.png
32,dockervol/aligned/s33/5.png
32,dockervol/aligned/s33/1.png
32,dockervol/aligned/s33/7.png
32,dockervol/aligned/s33/3.png
32,dockervol/aligned/s33/9.png
33,dockervol/aligned/s14/2.png
33,dockervol/aligned/s14/10.png
33,dockervol/aligned/s14/8.png
33,dockervol/aligned/s14/7.png
33,dockervol/aligned/s14/9.png
33,dockervol/aligned/s14/4.png
33,dockervol/aligned/s14/3.png
33,dockervol/aligned/s14/1.png
33,dockervol/aligned/s14/5.png
33,dockervol/aligned/s14/6.png
34,dockervol/aligned/s19/7.png
34,dockervol/aligned/s19/2.png
34,dockervol/aligned/s19/8.png
34,dockervol/aligned/s19/5.png
34,dockervol/aligned/s19/3.png
34,dockervol/aligned/s19/10.png
34,dockervol/aligned/s19/9.png
34,dockervol/aligned/s19/1.png
34,dockervol/aligned/s19/6.png
34,dockervol/aligned/s19/4.png
35,dockervol/aligned/s5/6.png
35,dockervol/aligned/s5/8.png
35,dockervol/aligned/s5/5.png
35,dockervol/aligned/s5/2.png
35,dockervol/aligned/s5/1.png
35,dockervol/aligned/s5/3.png
35,dockervol/aligned/s5/7.png
35,dockervol/aligned/s5/4.png
35,dockervol/aligned/s5/9.png
35,dockervol/aligned/s5/10.png
36,dockervol/aligned/s3/10.png
36,dockervol/aligned/s3/7.png
36,dockervol/aligned/s3/6.png
36,dockervol/aligned/s3/8.png
36,dockervol/aligned/s3/2.png
36,dockervol/aligned/s3/5.png
36,dockervol/aligned/s3/4.png
36,dockervol/aligned/s3/3.png
36,dockervol/aligned/s3/1.png
36,dockervol/aligned/s3/9.png
37,dockervol/aligned/s27/4.png
37,dockervol/aligned/s27/1.png
37,dockervol/aligned/s27/5.png
37,dockervol/aligned/s27/3.png
37,dockervol/aligned/s27/8.png
37,dockervol/aligned/s27/9.png
37,dockervol/aligned/s27/7.png
37,dockervol/aligned/s27/6.png
37,dockervol/aligned/s27/2.png
37,dockervol/aligned/s27/10.png
38,dockervol/aligned/s26/8.png
38,dockervol/aligned/s26/10.png
38,dockervol/aligned/s26/2.png
38,dockervol/aligned/s26/5.png
38,dockervol/aligned/s26/7.png
38,dockervol/aligned/s26/6.png
38,dockervol/aligned/s26/4.png
38,dockervol/aligned/s26/3.png
38,dockervol/aligned/s26/1.png
38,dockervol/aligned/s26/9.png
39,dockervol/aligned/s38/5.png
39,dockervol/aligned/s38/2.png
39,dockervol/aligned/s38/6.png
39,dockervol/aligned/s38/4.png
39,dockervol/aligned/s38/3.png
39,dockervol/aligned/s38/1.png
39,dockervol/aligned/s38/9.png
39,dockervol/aligned/s38/8.png
39,dockervol/aligned/s38/7.png
39,dockervol/aligned/s38/10.png
40,dockervol/aligned/s15/10.png
40,dockervol/aligned/s15/4.png
40,dockervol/aligned/s15/5.png
40,dockervol/aligned/s15/1.png
40,dockervol/aligned/s15/8.png
40,dockervol/aligned/s15/6.png
40,dockervol/aligned/s15/7.png
40,dockervol/aligned/s15/2.png
40,dockervol/aligned/s15/9.png
40,dockervol/aligned/s15/3.png
